Scale,Time,Iterations
0.5,0.8759964,124
0.625,1.5866374000000003,154
0.75,2.5621766000000004,185
0.875,3.5106566999999997,201
1.0,5.061338599999999,231
